氏,シ,うじ -うじ,nome de família- sobrenome- clã
統,トウ ホビ.,す.べる,geral- relação- governar- governar
保,ホ ホ ウ タ モ.,, proteger- garantir- manter- preservar- sustentar- apoiar
第,ダイ テイ,,Nº- residência
結,ケツ ケチ ユ.ワエ,むす.ぶ ゆ.う,amarrar- amarrar- contrair- juntar- organizar- prender o cabelo- prender
派,ハ,,facção- grupo- partido- camarilha- seita- escola
案,アン,つくえ,plano- sugestão- rascunho- ponderar- medo- proposição- ideia- expectativa- projeto de lei- preocupação
策,サク,,esquema- plano- política- etapa- meios
基,キ モ ト,もと,fundamentos- radical (chem)- contador para máquinas- fundação
価,カ ケ,あたい,valor- preço
提,テイ チョウ ダイ,さ.げる,propor- levar- levar na mão
挙,キョ コゾ.,あ.げる あ.がる,aumentar- plano- projeto- comportamento- ações
応,オウ ヨウ -ノウ コタ.エ,あた.る まさに,aplicar- responder- sim- OK- responder- aceitar
企,キ,くわだ.てる,empreender- esquema- projeto- tentativa- plano
検,ケン,しら.べる,exame- investigar
藤,トウ ドウ フ,,glicínia
沢,タクツ,さわ うるお.い うるお.す,pântano
裁,サイ,た.つ さば.く,alfaiate- juiz- decisão- recorte (padrão)
証,ショウ,あかし,evidência- prova- certificado
援,エン,,abet- ajuda- salvar
施,シ セ,ほどこ.す,esmola- aplicar curativos- administrar primeiros socorros
井,セイ ショウ,,well-well crib- town- community
護,ゴ マ モ.,, salvaguardar- proteger
展,テ,,desdobrar- expandir
態,タイ,わざ.と,atitude- condição- figura- aparência- voz (de verbos)
鮮,セン,あざ.やか,fresco- vívido- claro- brilhante- Coréia
視,シ ミ.,, inspeção- considerar como- ver- olhar para
条,ジョウ チョウ デキ,えだすじ,artigo- cláusula- item- tarja- raia
幹,カンミ,,tronco de árvore
独,ドク トク ヒト.,, solteiro- sozinho- espontaneamente- Alemanha
宮,キュウ グウ ク クウ ミ,,Santuário xintoísta- constelações- palácio- princesa
率,ソツ リツ シュツ,ひき.いる,razão- taxa- proporção- %- coeficiente- fator
衛,エイ,,defesa- proteção
張,チョウ -バ.,は.る -は.り,alongen- counter para arcos e instrumentos de corda- stretch- spread- put up (tenda)
監,カ,,supervisionar- oficial- escritório do governo- regra- administrar
環,カン,,anel- círculo- elo- roda
審,シン ツブサ.,つまび.らか,audiência-juiz-julgamento
義,,,retidão- justiça- moralidade- honra- lealdade- significado
訴,ソ,うった.える,acusação- processar- queixar-se de dor- apelar para
株,シュ,かぶ,estoques- toco- ações- estoque- contador para pequenas plantas
姿,シ スガ,,figura- forma- forma
閣,カク,,torre- edifício alto- palácio
衆,シュウ シュ,おお.い,massas- grandes números- multidão- população
評,ヒョウ,,avaliar- criticar- comentar
影,エイ,かげ,sombra- silhueta- fantasma
松,ショウマ,,Pinheiro
撃,ゲキ,う.つ,bater- atacar- derrotar- conquistar
佐,,,assistente-ajuda
核,カク,,núcleo- núcleo- kernel
整,セイ トトノ.,ととの.える,organizar- arranjar- afinar- tom- medidor- tecla (música)
融,ユウ ト.カ,と.ける,dissolver- derreter
製,セイ,,feito em...- fabricação
票,ヒョウ,,cédula- etiqueta- bilhete- sinal
渉,ショウ ワタ.,, ford- ferry- port
響,キョウ,ひび.く,eco- também N5116- som- ressonância- toque- vibrar
推,スイ,お.す,conjecturar- inferir- adivinhar- supor- apoiar
請,セイ シン ショウ ウ.ケ,こ.う,solicitar- convidar- perguntar
器,キ,うつわ,utensílio- recipiente- receptáculo- implemento- instrumentação- capacidade- recipiente- conjunto de ferramentas
士,,,cavalheiro- samurai
討,トウ,う.つ,castigar- atacar- derrotar- destruir- conquistar
攻,コウセ.メ,,agressão- ataque
崎,キ,さき さい みさき,promontório- cabo- espeto
督,ト,,treinar- comandar- incitar- liderar- supervisionar
授,ジュ,さず.ける さず.かる,transmitir- instruir- conceder- conferir
催,サイ,もよう.す もよお.す,patrocinador- realizar (uma reunião)- dar (um jantar)
及,キュウ オヨ.ボ,およ.ぶ およ.び および,estender- exercer- exercer- causar
憲,ケ,,constituição- lei
離,リ,はな.れる はな.す,desanexar- separação- desunir- digressão
激,ゲキ,はげ.しい,violento- ficar excitado- enfurecido- irritar- incitar
摘,テキツ.,, beliscar- pegar- arrancar- recortar- recortar- resumir
系,ケイ,,sistema de linhagem
批,ヒ,,crítica- greve
郎,ロウ リョウ オト,,contador de filhos para filhos
健,ケン スコ.ヤ,,saudável- saúde- força- persistência
盟,メイ,,aliança- juramento
従,ジュウ ショウ ジュ,したが.う したが.える より,acompanhar- obedecer- submeter- cumprir- seguir- secundário- incidental- subordinado
修,シュウ シュ オサ.マ,おさ.める,disciplina- conduzir-se bem- estudar- dominar
隊,タイ,,regimento- partido- empresa- esquadrão
織,ショク シキ -オ.,お.る お.り おり -おり,tecer-tecido
拡,カク コウ,ひろ.がる ひろ.げる ひろ.める,ampliar- estender- expandir- ampliar
故,コ,ゆえ,acaso- especialmente- intencionalmente- razão- causa- circunstâncias- o tardio- portanto- conseqüentemente
振,シン フ.ル,ふ.る ぶ.る ふ.り -ぶ.り,agitar- acenar- sacudir- balançar
弁,ベン ヘン アラソ.,わきま.える わ.ける はなびら,válvula- pétala- trança- fala- dialeto- discriminação- descartar- distinguir
就,シュウ ジュ ツ.ケ,つ.く,sobre- estabelecer- tomar posição- partir- estudar- por
異,イ,こと こと.なる け,incomum- estranheza- estranheza- maravilhoso- curioso- incomum
献,ケン コン,たてまつ.る,oferta- balcão de bebidas- presente- oferta
厳,ゲン ゴン イツク,おごそ.か きび.しい いか.めしい,severidade- rigidez- severidade- rigidez
維,,,corda de fibra
浜,ヒン,はま,litoral- praia- beira-mar
遺,イ ユ イ,,legar- deixar para trás- reservar
塁,ルイ ライ スイ トリ,,bases- forte- muralha- paredes- base(bola)
邦,ホウ,くに,país de origem- país- Japão
素,ソ ス,もと,elementar- princípio- nu- descoberto
遣,ケン,つか.う -つか.い -づか.い つか.わす や.る,despachar- enviar- dar- doar- fazer- empreender
抗,コウ,,confrontar- resistir- desafiar- opor-se
模,モ,,imitação- copiar- simular
雄,ユウオ,お- おす,masculino- masculino- herói- líder- superioridade- excelência
益,エ キ ヤ ク マ.,, benefício- ganho- lucro- vantagem
緊,キン,,tenso- sólido- duro- confiável- apertado
標,ヒョウ シル,しるべ,placa de sinalização- selo- marca- selo- impressão- símbolo- emblema- marca registrada- evidência- lembrança- alvo
宣,セン ノタマ.ワ,のたむ.う,proclamar- dizer- anunciar
昭,ショ,,brilhante- brilhante
廃,ハイ,すた.れる すた.る,abolir- obsoleto- cessação- descartar- abandonar
伊,イ カ,,Itália- aquele
江,コウ,,riacho- entrada- baía
僚,リョウ,,colega- funcionário- companheiro
吉,キチ キツ ヨ,,boa sorte- alegria- parabéns
盛,セイ ジョウ サカ.,も.る さか.る,boom- prosperar- copular
皇,コウオ,,imperador
臨,リン ノゾ.,, olhar para- encontrar- confrontar- atender- chamar
踏,トウ,ふ.む ふ.まえる,passo-atropelar-realizar-avaliar-evitar o pagamento
壊,カイエ,こわ.す こわ.れる やぶ.る,demolição- quebrar- destruir
債,サイ,,obrigação- empréstimo- dívida
興,コウ キョウ オコ.,おこ.る,entreter- reviver- recuperar- interesse- prazer
源,ゲン ミナモ,,fonte- origem
儀,,,cerimônia- regra- assunto- caso- um assunto
創,ソウ ショウ ケズ.シケ,つく.る はじ.める きず,gênese- ferida- lesão- machucar- começar- originar
障,ショウ,さわ.る,prejudicar- ferir- prejudicar
継,ケイ,つ.ぐ まま-, herdar- suceder- patch- enxertar (árvore)
筋,キン,すじ,músculo- tendão- tendão- fibra- plotagem- plano- descida
闘,トウ アラソ.,たたか.う,luta-guerra
葬,ソウ ホウム.,, enterrar- enterrar- arquivar
避,ヒ,さ.ける よ.ける,evadir- evitar- evitar- evitar- esquivar- afastar-se
司,シ ツ カ サ ド.,, diretor- funcionário- gabinete do governo- regra- administrar
康,コ,,facilidade- paz
善,ゼン ヨシ.トス,よ.い い.い よ.く,virtuosa- boa- bondade
逮,タイ,,apreender- perseguir
迫,ハク セマ.,, urgência- força- iminente- estímulo
惑,ワク,まど.う,seduzir- ilusão- perplexidade
崩,ホウ,くず.れる -くず.れ くず.す,desmoronar- morrer- demolir- nível
紀,,,crônica- relato- narrativa- história- anais- período geológico
聴,チョウ テイ ユル.,き.く,ouvir- teimoso- travesso- investigação cuidadosa
脱,ダツ,ぬ.ぐ ぬ.げる,despir- remover- escapar de- livrar-se de- ficar de fora- decolar
級,キュ,,classe- classificação- grau
博,ハクバ,,Dr.- comando- estima- ganhar aclamação- Ph.D.- exposição- justo
締,テイ,し.まる し.まり し.める -し.め -じ.め,apertar- amarrar- fechar- travar- prender
救,キュウ,すく.う,salvação- salvar- ajudar- resgatar- recuperar
執,シツ シュウ ト.,, tenaz- agarrar- agarrar- levar a sério
房,ボウフ,,borla- tufo- franja- cacho- mecha (cabelo)- segmento (laranja)- casa- quarto
撤,テツ,,remover- retirar- desarmar- desmontar- rejeitar- excluir
削,サ ク ソ.,けず.る はつ.る,aplainar- afiar- talhar- pare
密,ミツ,ひそ.か,segredo- densidade (pop)- pequenez- cuidado
措,ソ,お.く,deixar de lado- desistir- suspender- descontinuar- deixar de lado- exceto
志,シ シリング ココロザ,こころざ.す,intenção- plano- resolução- aspirar- motivo- esperanças- shilling
載,サ イ ノ.,の.せる,ride- board- get on- place- spread- 10**44
陣,ジン,,acampamento- matriz de batalha- fileiras- posição
我,ガ,われ わ わ.が- わが,ego- eu- egoísta- nosso- si mesmo
為,イ ナ,ため な.る な.す す.る たり つく.る,fazer- mudar- fazer- beneficiar- bem-estar- ser útil- chegar a- tentar- praticar- custo- servir como- bom- vantagem- como um re
抑,ヨク,おさ.える,reprima- bem- agora- em primeiro lugar- empurre- empurre- pressione- sele- faça apesar de
幕,マク バク,,cortina- bunting- ato de jogo
染,セン -シ.メ,そ.める -ぞ.め -ぞめ そ.まる し.みる -じ.みる し.み,tintura- cor- tinta- mancha- impressão
奈,ナ ナ イ ダ イ,いかん からなし,Nara- o que?
傷,ショウ,きず いた.む いた.める,ferida- machucar- ferir- prejudicar- dor- lesão- corte- talho- cicatriz- ponto fraco
択,タク,えら.ぶ,escolher- selecionar- escolher- preferir
秀,シュウ ヒイ.デ,,excel- excelência- beleza- superar
徴,チョウチ,しるし,indicações- sinal- presságio- sintoma- coletar- procurar- consultar- questionar
弾,ダン タン,ひ.く -ひ.き はず.む たま はじ.く はじ.ける ただ.す はじ.きゆみ,bullet- twang- flip- snap
償,ショウ,つぐな.う,reparação- compensar- recompensar- redimir
功,コウ ク イサ,,realização- méritos- sucesso- honra- crédito
拠,キョコ,よ.る,ponto de apoio- baseado em- seguir- portanto
秘,ヒ,ひ.める ひそ.か かく.す,segredo- esconder
拒,キョゴ,こば.む,repelir- recusar- rejeitar- recusar
刑,ケ,,punir- pena- sentença- punição
塚,チョウ -ヅ,つか,outeiro
致,チ,いた.す,fazer- enviar- encaminhar- causar- exercer- incorrer- engajar
繰,ソ ウ ク.,, enrolamento- carretel- girar- virar (páginas)- olhar para cima- consultar
尾,ビ,お,cauda- contador para peixe- inclinação inferior da montanha
描,ビョウ,えが.く か.く,esboçar- compor- escrever- desenhar- pintar
鈴,レイ リン ス,,campainha pequena
盤,バ,,bandeja- tigela rasa- travessa- cuba- tábua- disco fonográfico
項,コウ,うなじ,parágrafo- nuca- cláusula- item- termo (expressão)
喪,ソウ,も,saudades de luto
伴,ハン バン トモナ.,, consorte- acompanhar- trazer com- acompanhante
養,ヨウ リョウ ヤシナ.,, promover- criar- criar- criar- desenvolver- nutrir
懸,ケンケ,か.ける か.かる,suspender- pendurar- 10%- instalar- depender- consultar
街,ガイ カイ マ,,boulevard- rua- cidade
契,ケイ,ちぎ.る,jurar- prometer- jurar
掲,ケイ,かか.げる,colocar (um aviso)- colocar- levantar- exibir- sair- publicar- descrever
躍,ヤク オド.,, salto- dança- pular
棄,キ,す.てる,abandonar- jogar fora- descartar- renunciar- rejeitar- sacrificar
邸,テイ ヤシ,,residência- mansão
縮,シュク,ちぢ.む ちぢ.まる ちぢ.める ちぢ.れる ちぢ.らす,encolher- contrair- murchar- enrugar- reduzir
還,カン,かえ.る,enviar de volta- retorno
属,ゾク ショク ヤカ,さかん つく,pertencer- gênero- subordinado oficial- afiliado
慮,リョ オモンパカ.,おもんぱく.る,prudência- pensamento- preocupação- considerar- deliberado- medo
枠,,わく,moldura- estrutura- fuso- carretel- caixa delimitadora- (kokuji)
恵,ケイ エ メグ.,めぐ.む,favor- bênção- graça- bondade
露,ロ ロ ウ ツ,,orvalho- lágrimas- expor- Rússia
沖,チュウ,おき おきつ ちゅう.する わく,mar aberto - saída - subir alto no céu
緩,カン ユル.メ,ゆる.い ゆる.やか ゆる.む,afrouxar- afrouxar- relaxar- diminuir- ser moderado- facilidade
節,セツ セチ ノッ,ふし -ぶし,nó- estação- período- ocasião- verso- cláusula- estrofe- honra- junta- junta- maçaneta- nó- melodia- melodia
需,ジュ,,demanda- pedido- necessidade
射,シャ,い.る さ.す,atirar- brilhar em- para- tiro com arco
購,コウ,,assinatura- comprar
揮,キ,ふる.う,brandir- abanar- balançar- agitar
充,ジュウ ミ.タ,あ.てる,alocar- preencher
貢,コウク,みつ.ぐ,tributo- apoio- finanças
鹿,ロク,しか,cervo
却,キャク,かえ.って しりぞ.く しりぞ.ける,ao invés- pelo contrário- ao invés
端,タン ハ,はし は はた -ばた,borda- origem- ponto final- borda- borda- capa
賃,チ,,tarifa- taxa- aluguel- aluguel- salário- encargo
獲,カク,え.る,aproveitar- obter- encontrar- ganhar- adquirir- pode- pode- capaz de
郡,グン,こうり,concelho- distrito
併,ヘイ,あわ.せる,juntar- reunir- unir- coletivo
徹,テ,,penetrar- limpar- perfurar- atacar em casa- sentar-se (a noite toda)
貴,キ ト ウ ト.,たっと.い とうと.い たっと.ぶ,precioso- valor- prêmio- estima- honra
衝,ショウ,つ.く,colidir- brunt- rodovia- oposição (astronomia)- impulso- perfurar- facada- picada
焦,ショウ,こ.げる こ.がす こ.がれる あせ.る,char- apressar- impaciente- irritar- queimar- chamuscar- chamuscar
奪,ダツ,うば.う,roubar- tomar à força- arrebatar- desapropriar- saquear- usurpar
災,サイ,わざわ.い,desastre- calamidade- desgraça- maldição- mal
浦,ホ,うら,bay- creek- entrada- golfo- praia- litoral
析,セキ,,cortar- dividir- rasgar- analisar
譲,ジョウ ユズ.,, adiar- rotatividade- transferir- transmitir
称,ショウ ホメ.,たた.える とな.える あ.げる かな.う はか.り はか.る,denominação- elogio- admirar- nome- título- fama
納,ノウ ナッ ナ ナン トウ オサ.マ,おさ.める -おさ.める,liquidação- obter- colher- pagar- fornecer- armazenar
樹,ジュ,,árvores de madeira - madeira
挑,チョウ,いど.む,desafiar- lutar por- fazer amor com
誘,ユウ イウ,さそ.う いざな.う,seduzir- levar- tentar- convidar- pedir- chamar- seduzir- fascinar
紛,フン,まぎ.れる -まぎ.れ まぎ.らす まぎ.らわす まぎ.らわしい,distrair- ser confundido com- extraviar- desviar
至,シ イ タ.,, clímax- chegar- prosseguir- alcançar- atingir- resultar em
宗,シュウ ソウ ム,,religião- seita- denominação- ponto principal- origem- essência
促,ソク,うなが.す,estimular- incitar- pressionar- exigir- incitar
慎,シン ツツシ.,つつし.む つつし,humildade- cuidado- discreto- prudente
控,コウ,ひか.える ひか.え,retirar- retrair- conter- abster-se de- ser moderado
智,,,sabedoria- intelecto- razão
握,アク,にぎ.る,grip- hold- molde sushi- suborno
宙,チュ,,ar- ar- espaço- céu- memorização- intervalo de tempo
俊,シュ,,sagaz- gênio- excelência
銭,セン ゼン,ぜに すき,moeda- .01 ienes- dinheiro
渋,ジュウ シュウ,しぶ しぶ.い しぶ.る,adstringente- hesitar- relutante- ter diarreia
銃,ジュウ,,armas de fogo
操,ソウ サン アヤツ.,みさお,manobrar- manipular- operar- guiar- castidade- virgindade- fidelidade
携,ケイ,たずさ.える たずさ.わる,portátil- carregar (na mão)- armado com- trazer junto
診,シン,み.る,check-up- ver- diagnosticar- examinar
託,タク,かこつ.ける かこ.つ かこ.つける,consignar- solicitar- confiar- fingir- insinuar
撮,サツ,と.る つま.む -ど.り,instantâneo- tirar fotos
誕,タン,,natividade- nascer- declinação- mentir- ser arbitrário
侵,シン,おか.す,invadir- invadir- invadir- transgredir- violar
括,カツ,くく.る,prender- amarrar- prender- constringir
謝,シ ャ ア ヤ マ.,,desculpar- agradecer- recusar
駆,ク,か.ける か.る,conduzir- correr- galopar- avançar- inspirar- impulsionar
透,トウ トウ.,す.く す.かす す.ける とう.る,transparente- permear- filtrar- penetrar
津,シン,,porto-porto-ferry
壁,ヘキ,かべ,revestimento da parede (estômago) - vedação
稲,トウテ,いね いな,planta de arroz
仮,カ ケ,かり かり-, falso- temporário- provisório- assumido (nome)- informal
裂,レツ,さ.く さ.ける -ぎ.れ,dividir- rasgar- rasgar
敏,ビン サト,,esperteza- ágil- alerta
是,ゼ シ,これ,apenas assim- isso- certo- justiça
排,ハ,,repudiar- excluir- expulsar- rejeitar
裕,ユ,,abundante- rico- fértil
堅,ケン -ガタ.,かた.い,rigoroso- duro- sólido- resistente- firme- confiável
訳,ヤク,わけ,traduzir- razão- circunstância- caso
芝,シ シ,,relva
綱,コウ,つな,hawser- classe (gênero)- corda- cordão- cabo
典,テンデ,,código- cerimônia- lei- regra
賀,,,parabéns- alegria
扱,ショウ,あつか.る あつか.い あつか.う,manusear- entreter- thresh- strip
顧,コ カエリ.ミ,,olhar para trás- rever- examinar-se- virar-se
弘,コウ グ ヒロ.,, vasto- largo- largo
看,カン,み.る,vigiar- ver
訟,ショウ,,processar- acusar
戒,カイ,いまし.める,mandamento
祉,シ,,bem-estar- felicidade
誉,ヨ ホ.メ,ほま.れ,reputação- louvor- honra- glória
歓,カン ヨロコ.,, deleite- alegria
奏,ソウ カナ.デ,,tocar música- falar com um governante- completo
勧,カン ケン,すす.める,persuadir- recomendar- aconselhar- encorajar- oferecer
騒,ソウ,さわ.ぐ うれい さわ.がしい,turbulento- fazer barulho- clamar- perturbar- excitar
閥,バツ,,clique- linhagem- pedigree- facção- clã
甲,コウ カン カ キノ,,armadura- alta (voz)- A grade- primeira classe- ex- peito do pé- carapaça
縄,ジョウ,なわ ただ.す,cordão de palha
郷,キョウ ゴウ サ,,cidade natal- aldeia- local de origem- distrito
揺,ヨウ,ゆ.れる ゆ.る ゆ.らぐ ゆ.るぐ ゆ.する ゆ.さぶる ゆ.すぶる うご.く,balançar- agitar- balançar- balançar- tremer- vibrar
免,メン マヌガ.レ,まぬか.れる,desculpa- despedimento
既,キ,すで.に,anteriormente- já- há muito tempo
薦,セン スス.メ,,recomendar- aconselhar- encorajar- oferecer
隣,リン トナ,とな.る,vizinho
華,カ ケ ハ,,esplendor- flor- pétala- brilho- brilho- ostentação- vistoso- alegre- deslumbrante
範,ハ,,padrão- exemplo- modelo
隠,イン オン ヨ.,かく.す かく.し かく.れる かか.す,ocultar- ocultar- cobrir
徳,ト,,benevolência- virtude- bondade- impor respeito
哲,テ,,filosofia- claro
杉,サン,すぎ,cedro-criptoméria
釈,シャク セキ ユル.,とく す.てる,explicação
己,コ キ ツ チ ノ,おのれ,auto- cobra - serpente
妥,,,gentil- paz- depravação
威,イ オド.カ,おど.す おど.し,intimidar- dignidade- majestade- ameaçar- ameaçar
豪,ゴ ウ エ ラ.,, avassalador- grande- poderoso- excelente- Austrália
熊,ユウ,くま,urso
滞,タイ テイ,とどこお.る,estagnar- estar atrasado- em atraso- em atraso
微,ビ カ ス.,, delicado- pequenez- insignificância
隆,リュ,,corcunda- alto- nobre- prosperidade
症,ショウ,,sintomas- doença
暫,ザン,しばら.く,temporariamente- um pouco- momento- muito tempo
忠,チュ,,lealdade- fidelidade- fidelidade
倉,ソウ,くら,godown- armazém- armazém- adega- tesouraria
彦,ゲンヒ,,rapaz (antigo)
肝,カン,きも,fígado- arrancar- nervo- chutzpah
喚,カン,わめ.く,gritar- chorar- gritar
沿,エン,そ.う -ぞ.い,correr ao lado- seguir junto- correr junto- deitar junto
妙,ミョウ ビョウ,たえ,requintado- estranho- estranho- mistério- milagre- excelente- delicado- encantador
唱,ショウ,とな.える,cantar- recitar- invocar- gritar
阿,ア オ オ モ ネ.,, África- flatter- fawn on- corner- recanto- recesso
索,サク,,cordão
誠,セイ マコ,,sinceridade- advertir- advertir- proibir- verdade- fidelidade
襲,シュウ カサ.,おそ.う,atacar- avançar- conseguir- empilhar- amontoar
懇,コン,ねんご.ろ,sociável- gentil- cortês- hospitaleiro- cordial
俳,ハイ,,haicai- ator
柄,ヘイツ,がらえ,design- padrão- construção- natureza- manivela- manivela- manípulo- eixo
驚,キョウ,おどろ.く おどろ.かす,maravilhar- ficar surpreso- assustado- espantado
麻,マ マ ア ア,,cânhamo- linho
李,リ ス モ,,ameixa
浩,コウ ヒロ.,おおき.い,ampla extensão- abundância- vigorosa
剤,ザイ スイ セイ,かる けず.る,dose- remédio- droga
瀬,ライ,,corredeiras- corrente- torrente- baixio- baixio
趣,シュ,おもむき おもむ.く,essência- proceder para- tender- tornar-se
陥,カン,おちい.る おとしい.れる,colapso- cair em- caverna em- cair (castelo)- deslizar para dentro
斎,サ イ イ.,とき つつし.む ものいみ,purificação- sala de comida budista- adoração- evitar- semelhantes
貫,カンヌ,つらぬ.く ぬ.く,perfurar- 8 1- 3lbs- penetrar- braçadeira
仙,セン セン,,eremita- feiticeiro- cent
慰,イ,なぐさ.める なぐさ.む,consolo- diversão- seduzir- animar- fazer esporte de- conforto- consolar
序,ジョ ツイ,つい.で,prefácio- começo- ordem- precedência- ocasião- chance- incidentalmente
旬,ジュン シュン,,decameron- período de 10 dias- temporada (para produtos específicos
兼,ケン -カ.ネ,か.ねる,simultaneamente- e
聖,セイ ショウ ヒジ,,santo- santo- sábio- mestre- sacerdote
旨,シ,むね うま.い,delicioso- saborear- mostrar gosto por- pretender- vai- inteligente- especialista
即,ソク,つ.く つ.ける すなわ.ち,instante- ou seja- como está- conforme- concordar- adaptar
柳,リュウ ヤナ,,salgueiro
舎,シ ャ セ キ ヤ ド.,, chalé- estalagem- cabana- casa- mansão
偽,ギ カ,いつわ.る にせ いつわ.り,falsidade- mentira- enganar- fingir- falsificação- falsificação
較,カク コウ,くら.べる,contraste- comparar
覇,ハ ハ ク,はたがしら,hegemonia- supremacia- liderança- campeão
詳,ショウ ツマビ.ラ,くわ.しい,detalhado- completo- minuto- preciso- bem informado
抵,テイ,,resistir- alcançar- tocar
脅,キョウ,おびや.かす おど.す おど.かす,ameaçar- coagir
茂,モ シ ゲ.,, crescer demais - crescer grosso - ser luxuriante
犠,ギ キ,いけにえ,sacrifício
旗,キ,はた,bandeira nacional - estandarte - estandarte
距,キョ,へだ.たる,longa distância
雅,ガ ミヤ.,, gracioso- elegante- gracioso- refinado
飾,シ ョ ク カ ザ.,かざ.る,decorar- enfeitar- enfeitar- embelezar
網,モウア,,netting- rede
竜,リュウ リョウ ロウ イ,たつ,dragão- imperial
詩,,,poema- poesia
繁,ハン,しげ.る しげ.く,luxuriante- espesso- coberto de vegetação- frequência- complexidade- problema
翼,ヨク,つばさ,asa- avião- flanco
潟,セキ -ガ,かた,lagoa
敵,テキ,かたき かな.う,inimigo- inimigo- oponente
魅,ミ,,fascínio- encantar- enfeitiçar
嫌,ケン ゲン,きら.う きら.い いや,não gostar- detestar- odiar
斉,セイ サイ ハヤ,そろ.う ひと.しい ひと.しく あたる,variedade ajustada- semelhante- igual- semelhante de
敷,フ -シ.,し.く,espalhar- pavimentar- sentar- promulgar
擁,ヨウ,,abraçar- abraçar- possuir- proteger- conduzir
圏,ケン,かこ.い,esfera- círculo- raio- alcance
酸,サン,す.い,ácido- amargor- azedo- azedo
罰,バツ バチ ハツ,ばっ.する,pênalti- punição
滅,メツ,ほろ.びる ほろ.ぶ ほろ.ぼす,destruir- arruinar- derrubar- perecer
礎,ソ イ シ ズ,,pedra angular- pedra fundamental
腐,フ,くさ.る -くさ.る くさ.れる くさ.れ くさ.らす くさ.す,rot- decadência- azedo
脚,キャク キャ カク ア,,patins- perna- material rodante
潮,チョウ ウシ,しお,maré- água salgada- oportunidade
梅,バイ,うめ,ameixa
尽,ジン サン,つ.くす -つ.くす -づ.くし -つ.く -づ.く -ず.く つ.きる つ.かす さかづき ことごと.き,esgotar- usar- esgotar- tornar-se amigo- servir
僕,ボク,しもべ,eu- eu (masculino)
桜,オウ ヨウ サク,,cereja
滑,カツ コツ ナメ.ラ,すべ.る,slippery- slide- slip- flunk
孤,コ,,órfão sozinho
炎,エン ホノ,,inflamação- chama- chama
賠,バイ,,compensação- indenizar
句,,,frase- cláusula- frase- passagem- parágrafo- contador para haicai
鋼,コウ,はがね,aço
頑,ガン,かたく,teimoso- tolo- firmemente
鎖,サ,くさり とざ.す,corrente- ferros- conexão
彩,サ イ イ ロ ド.,, coloração-pintura-maquiagem
摩,マ,ま.する さ.する す.る,esfregar- esfregar- polir- esmerilhar- raspar
励,レイ,はげ.む はげ.ます,encorajar- ser diligente- inspirar
縦,ジュウ,たて,vertical- comprimento- altura- auto-indulgente- rebelde
輝,キ カ ガ ヤ.,, esplendor- brilhar- brilhar- brilhar- cintilar
蓄,チク,たくわ.える,acumular- manter uma concubina- fonógrafo
軸,ジク,,eixo- pivô- haste- talo- contador para rolos de livros
巡,ジュン,めぐ.る めぐ.り,patrulha- dar a volta- circunferência
稼,カ,かせ.ぐ,ganhos- trabalho- ganhar dinheiro
瞬,シュン,またた.く,pisque- pisque- pisque
砲,ホ,,canhão
噴,フン,ふ.く,irromper- jorrar- emitir- sair
誇,コ,ほこ.る,vangloriar- ser orgulhoso- orgulho- triunfalmente
祥,ショ,,auspicioso- felicidade- bom presságio
牲,セイ,,sacrifício de animais - oferenda
秩,チ,,regularidade- salário- ordem
帝,テイ,みかど,soberano- o imperador- deus- criador
宏,コウ ヒロ.,,largo- grande
唆,サ,そそのか.す,tentar- seduzir- instigar- promover
阻,ソ,はば.む,impedir- separar- impedir- obstruir- impedir- impedir
泰,タ,,pacífica- calma- paz- fácil- Tailândia
賄,ワイ,まかな.う,suborno- placa- oferta- finanças
撲,ボク,,tapa- golpe- bater- bater- contar- falar
堀,クツホ,,fosso- canal
菊,キク,,crisântemo
絞,コウ,しぼ.る し.める し.まる,estrangular- constringir- torcer
縁,エン -ネン,ふち ふちど.る ゆかり よすが へり えにし,afinidade- relação- conexão- borda- fronteira- limite- limite
唯,ユイ イ タ,,unicamente- apenas- meramente- simplesmente
膨,ボウ,ふく.らむ ふく.れる,inchar- engordar- engordar
矢,シ,や,dardo-seta
耐,タイ タ.エ,,-prova- duradouro
塾,ジュク,,cram school - escola particular
漏,ロウ,も.る も.れる も.らす,tempo de fuga
慶,ケイ ヨロコ.,, júbilo- parabenizar- alegrar- ser feliz
猛,モ,,feroz- delírio- pressa- ficar furioso- selvageria- força
芳,ホウ カンバ.シ,,perfumado- balsâmico- aromático- perfumado
懲,チョウ,こ.りる こ.らす こ.らしめる,punir- castigar- punir- disciplinar
剣,ケン,つるぎ,sabre- espada- lâmina- ponteiro do relógio
彰,ショ,,patente clara
棋,キ,ご,peça de xadrez - xadrez japonês - shogi
丁,チョウ テイ チン トウ チ,ひのと,rua- direção- cidade- balcão para armas- ferramentas- folhas ou bolos de alguma coisa- número par- 4º signo do calendário
恒,コウ ツネ,つね,constância- sempre
揚,ヨウ ア.ガ,あ.げる -あ.げ,hoist- frite em gordura profunda
冒,ボウ,おか.す,arriscar- enfrentar- desafiar- ousar- danificar- assumir (um nome)
之,シ コ,の こ れ お い て ゆ く,disto
倫,リ,,ética- companheiro
陳,チン ヒ.ネ,,exibir- estado- relacionar- explicar
憶,オク,,lembrança- pensar- lembrar
潜,セン,ひそ.む もぐ.る かく.れる くぐ.る ひそ.める,submergir- ocultar- esconder- abaixar (voz)- calar
梨,リ ナ,,pereira
仁,ジン ニ ニ,,humanidade- virtude- benevolência- caridade- homem- kernel
克,コ ク カ.,, superar- gentilmente- habilmente
岳,ガクタ,,ponto- pico- montanha
概,ガイ,おうむ.ね,esboço- condição- aproximação- geralmente
拘,コウ,かか.わる,prender- apreender- preocupado- aderir- apesar
墓,ボ,はか,sepultura
黙,モク ボク,だま.る もだ.す,silêncio- ficar em silêncio- parar de falar- deixar como está
須,ス シ ュ モ ト. メ,すべから.く すべし ひげ まつ もち.いる,deve- por todos os meios- necessariamente
偏,ヘン,かたよ.る,parcial- lado- lado esquerdo radical- inclinação- enviesado
雰,フン,,atmosfera- neblina
遇,グウ,あ.う,entrevista- tratar- entreter- receber- lidar com
諮,シ,はか.る,consulte com
狭,キョウ コウ,せま.い せば.める せば.まる,apertado- estreito- contraído- apertado
卓,タ,,eminent- table- desk- high
亀,キ キ ュ ウ キ ン カ,,tartaruga
糧,リョウ ロウ,かて,provisões- comida- pão
簿,ボ,,livro de registro
炉,ロ,いろり,soleira- forno- forno- reator
牧,ボクマ,,criar- cuidar- pastorear- alimentar- pastar
殊,シュ,こと,particularmente- especialmente- excepcionalmente
殖,ショク フ.ヤ,ふ.える,aumentar- aumentar- multiplicar- aumentar
艦,カン,,navio de guerra
輩,ハイ,-ばら やから やかい ともがら,camarada- companheiro- companheiro
穴,ケツア,,buraco- abertura- fenda- caverna- antro
奇,キ,く.しき あや.しい くし めずら.しい,estranho- estranheza- curiosidade
慢,マン,,ridículo- preguiça
鶴,カクツ,,guindaste - cegonha
謀,ボウム,はか.る たばか.る はかりごと,conspirar- trapacear- impor- planejar- inventar- esquema- ter em mente- enganar
暖,ダン ノン,あたた.か あたた.かい あたた.まる あたた.める,cordialidade
昌,ショウ サカ,,próspero- brilhante- claro
拍,ハク ヒョウ,,clap-beat (música)
朗,ロウ アキ.ラ,ほが.らか,melodioso- claro- brilhante- sereno- alegre
寛,カン ユル.ヤ,くつろ.ぐ ひろ.い,tolerante- leniência- generosidade- relaxar- sentir-se em casa- estar à vontade- mente aberta
覆,フク,おお.う くつがえ.す くつがえ.る,virar- cobrir- sombra- manto- ser arruinado
胞,ホウ,,placenta- bolsa- bainha
泣,キュウ,な.く,chorar- chorar- gemer
隔,カク,へだ.てる へだ.たる,isolar- alternar- distância- separar- abismo
浄,ジョウセイ,きよ.める きよ.い,limpar- purificar- limpar- exorcizar- Dinastia Manchu
没,ボツ モツ,おぼ.れる しず.む ない,afogar- afundar- esconder- cair- desaparecer- morrer
暇,カ,ひま いとま,tempo livre- descanso- lazer- tempo- licença
肺,ハイ,,pulmões
貞,テイサ,,retidão- castidade- constância- retidão
靖,セイ ジョウ ヤス.ンジ,,pacífico
鑑,カン カガ,かんが.みる,espécime- levar aviso de- aprender com
飼,シ カ.,, domesticar- criar- manter- alimentar
陰,イン,かげ かげ.る,sombra- yin- negativo- órgãos sexuais- segredo- sombra
銘,メ,,inscrição- assinatura (do artesão)
随,ズイ,まにまにしたが.う,seguir- embora- não obstante- enquanto- durante- ambos- todos- obedecer- submeter-se- obedecer- à mercê de (a onda
烈,レツ ハゲ.シ,,ardente- violento- veemente- furioso- severo- extremo
尋,ジンヒ,たず.ねる,inquirir- sondar- procurar
稿,コウ,わら したがき,rascunho- cópia- manuscrito- palha
丹,タン,,pílulas de chumbo cor de ferrugem
啓,ケイ サト.,ひら.く,divulgar- abrir- dizer
也,ヤ エ マ,な り か,ser (clássico)
丘,キュウ オ,,morro
棟,トウ,むね むな-, ridgepole- cume
壌,ジョウ,つち,lote- terra- solo
漫,マン,みがりに,cartoon- involuntariamente- apesar de si mesmo- corrupto
玄,ゲ,,misterioso- ocultismo
粘,ネン,ねば.る,pegajoso- glutinoso- gorduroso- perseverar
悟,ゴ,さと.る,iluminação- perceber- discernir- perceber- compreender
舗,,,Armazém de compras
妊,ニン ジン,はら.む みごも.る,gravidez
熟,ジュク,う.れる,amadurecer- amadurecer- adquirir habilidade
旭,キョク アサ,,sol nascente - sol da manhã
恩,オ,,graça- bondade- bondade- favor- misericórdia- bênção- benefício
騰,トウ,,inflação- avançando- indo
往,オ ウ ユ.,い.く いにしえ さき.に,jornada- afugentar- deixar ir- ir- viajar
豆,トウズ,まめ まめ,feijão- ervilha- anão
遂,スイ,と.げる つい.に,consumar- realizar- atingir- cometer (suicídio)
狂,キョウ,くる.う くる.おしい くるお.しい,lunático- insano- louco- confundir
岐,キ,,ramificação- bifurcação na estrada- cena- arena- teatro
陛,ヘイ,,degraus de alteza (do trono)
緯,イ,よこいと ぬき,horizontal- au- esquerda e direita- latitude
培,バイ,つちか.う,cultivar- fomentar
衰,スイ,おとろ.える,diminuir- minguar- enfraquecer
艇,テイ,,barco a remo- pequeno barco
屈,クツ カガ.メ,かが.む,render- curvar- vacilar- submeter
径,ケイ,みち こみち さしわたし ただちに,diâmetro- caminho- método
淡,タン,あわ.い,magro- fraco- pálido- fugaz
抽,チュウ,ひき-, arrancar- puxar- extrair- excel
披,ヒ,,expor- abrir
廷,テ,,tribunais- tribunal imperial- escritório do governo
錦,キン ニシ,,brocado- vestido fino- honras
准,ジュン,,quase-- semi- associado
暑,ショ,あつ.い,abafado- quente- calor de verão
磯,キ イ,,beira-mar- praia
奨,ショウ ソウ スス.メ,,exortar- incitar- encorajar
浸,シン,ひた.す ひた.る,imerso- encharcar- mergulhar- íngreme- umedecer- molhar- afundar
剰,ジョウ,あまつさえ あま.り あま.る,excedente- além
胆,タン キ,,vesícula biliar- coragem- arrancar- nervo
繊,セン,,quimono delgado- fino- fino
駒,ク,こま,pônei- cavalo- potro
虚,キョコ,むな.しい うつ.ろ,vazio- vazio- despreparo- rachadura- fissura- inverdade
霊,レイ リョウ,たま,espíritos-alma
帳,チョウ,とばり,caderno- livro de contas- álbum
悔,カイ,く.いる く.やむ くや.しい,arrepender- arrependimento
諭,ユ サ ト.,, repreender- admoestar- cobrar- advertir- persuadir
惨,サン ザン,みじ.め いた.む むご.い,miserável- desastre- crueldade- duro
虐,ギャク,しいた.げる,tiranizar- oprimir
翻,ホン ハン,ひるがえ.る ひるがえ.す,virar- virar- onda- tremular- mudar (mente)
墜,ツイ,,crash-fall (para baixo)
沼,ショウ,ぬま,pântano- lago- brejo- pântano- lagoa
据,キョ,す.える す.わる,definir- estabelecer uma fundação- instalar- equipar- agachar- sentar- sentar
肥,ヒ フト.,こ.える こえ こ.やす こ.やし,fertilizante- engordar- fértil- estrume- mimar
徐,ジョ,おもむ.ろに,gradualmente - lentamente - deliberadamente - gentilmente
糖,トウ,,açúcar
搭,トウ,,embarque- carregar (um veículo)- passeio
盾,ジュン,たて,escudo- escudete- pretexto
脈,ミャク,すじ,veia- pulso- esperança
滝,ロウ ソウ タ,,cachoeira- corredeira- cascata
軌,キ,,sulco- roda- pista- maquete- modo de fazer
俵,ヒョウ,たわら,saco- fardo- saco- contador para sacos
妨,ボウ,さまた.げる,perturbar- impedir- dificultar- obstruir
擦,サツ,す.る す.れる -ず.れ こす.る こす.れる,ralar- esfregar- arranhar- raspar- esfolar- esfregar
鯨,ゲイ,くじら,baleia
荘,ソウ ショウ チャン オゴソ.,ほうき,villa- estalagem- casa de campo- mansão feudal
諾,ダク,,consentimento- assentimento- acordo
雷,ライ カミナ,,relâmpago relâmpago
漂,ヒョウ,ただよ.う,drift- float (no líquido)
懐,カ イ エ オ モ.,ふところ なつ.かしい なつ.かしむ なつ.く なつ.ける なず.ける いだ.く,bolso- sentimentos- coração- saudades- saudades- apegar-se- peito- peito
勘,カ,,intuição- percepção
栽,サイ,,plantação- plantação
拐,カイ,,sequestrar- falsificar
駄,ダ タ,,pesado- cavalo de carga- carga de cavalo- enviar por cavalo
添,テンモ.,そ.える そ.う も.える,anexar- acompanhar- casar- adequar- atender- satisfazer- anexar- anexar- enfeitar- imitar
冠,カン カンム,,coroa- melhor- inigualável
斜,シャ,なな.め はす,diagonal- inclinada- oblíqua
鏡,キョウ ケイ カガ,,espelho- espéculo- cabeça de barril- oferta de bolo de arroz redondo
聡,ソウ ミミザト.,さと.い,aprendiz sábio rápido
浪,ロ,,vagando- ondas- vagalhões
亜,ア ア シ ア ツ.,, Ásia- classificação seguinte- vem depois- -ous
覧,ラン,み.る,leitura atenta- ver
詐,サ,いつわ.る,mentir- falsidade- enganar- fingir
壇,ダン タン,,pódio- palco- tribuna- terraço
勲,クン イサ,,ação meritória - mérito
魔,マ,,bruxa- demônio- espírito maligno
酬,シュウ シュ トウ,むく.いる,retribuir- recompensar- retribuição
紫,シ ムラサ,,Violeta roxa
曙,ショ,あけぼの,amanhecer- amanhecer
紋,モ,,brasão de família - figuras
卸,シャ,おろ.す おろし おろ.し,atacado
奮,フン,ふる.う,agitado- ser revigorado- florescer
欄,ラン,てすり,coluna- corrimão- espaço em branco
逸,イツ ハグ.レ,そ.れる そ.らす,desviar- ócio- lazer- errar o alvo- fugir- iludir- desviar- divergir
涯,ガイ,はて,horizonte- costa
拓,タク ヒラ.,, limpar (a terra)- abrir- separar (terra)
眼,ガン ゲン,まなこめ,globo ocular
獄,ゴク,,prisão- prisão
尚,ショウナ,,estima- além disso- ainda- ainda
彫,チョウ,ほ.る -ぼ.り,esculpir- gravar- cinzel
穏,オン,おだ.やか,calma- calma- moderação
顕,ケン アラワ.レ,あきらか,aparecer- existente
巧,コ ウ ウ マ.,たく.み たく.む,hábil- habilidoso- engenhosidade
矛,ム ボ ウ,ほこ,alabarda- braços- carro alegórico do festival
垣,エンカ,,sebe- cerca- parede
欺,ギ,あざむ.く,enganar- trapacear- iludir
釣,チョウ,つ.る つ.り つ.り,pesca- pescar- pegar- aliciar- enredar
萩,シュウハ,,trevo do mato
粛,シュク スク,つつし.む,solene- silenciosamente- suavemente
栗,リツ リ オノノ,くり,castanha
愚,グ,おろ.か,tolo- tolice- absurdo- estúpido
嘉,カ ヨ,よみ.する,aplaudir- louvar- estimar
遭,ソウ,あ.う あ.わせる,encontro- conhecer- festa- associação- entrevista- juntar-se
架,カ,か.ける か.かる,ereto- quadro- montagem- suporte- prateleira- construir
鬼,キ,おに おに-, diabo-fantasma
庶,ショ,,plebeu- todo- bastardo
稚,チ ジ オ デ,いとけない おさない おくて,imaturo- jovem
滋,,,nutrir- mais e mais- ser luxuriante- plantar- turbidez
幻,ゲン,まぼろし,fantasma- visão- sonho- ilusão- aparição
煮,シャ,に.る -に に.える に.やす,ferver- cozinhar
姫,キ,ひめ ひめ-, princesa
誓,セイ,ちか.う,jurar- jurar- prometer
把,ハ,,agarrar- faggot- bundle- counter for bundles
践,セン,ふ.む,pisar- pisar- atropelar- praticar- realizar
呈,テイ,,exibir- oferecer- apresentar- enviar- exibir
疎,ソ シ ョ,うと.い うと.む まば.ら,alienar- áspero- negligenciar- evitar- esparso
仰,ギョウ コウ,あお.ぐ おお.せ お.っしゃる おっしゃ.る,face-up- olhar para cima- depender- buscar- respeitar- rever- beber- tomar
剛,ゴ,,força resistente
疾,シツ,,rapidamente
征,セ,,subjugar- atacar os rebeldes- arrecadar impostos
砕,サイ,くだ.く くだ.ける,smash- break- crush- familiar- popular
謡,ヨウ,うた.い うた.う,noh cantando
嫁,カ,よめ とつ.ぐ,casar-se com a noiva
謙,ケ,,auto-anulação- humilhar-se- condescender- ser modesto
后,コウゴ,きさき,imperatriz- rainha- depois- pelas costas- depois
嘆,タン,なげ.く なげ.かわしい,suspirar- lamentar- lamentar- lamentar
菌,キン,,germe- fungo- bactéria
鎌,レン ケン カ,,foice- foice- truque
巣,ソウ,す す. く う,ninho- viveiro- colmeia- teia de aranha- covil
頻,ヒン,しき.りに,repetidamente- recorrente
琴,キン,こと,harpa- koto
班,ハン,,esquadrão- corpo- unidade- grupo
棚,ホウ,たな -だな,prateleira- borda- rack- montagem- manto- treliça
潔,ケツ イサギヨ.,, imaculado- puro- limpo- justo- galante
酷,コク,ひど.い,cruel- severo- atroz- injusto
宰,サ,,superintendente- gerente- regra
廊,ロウ,,corredor- salão- torre
寂,ジャク セキ,さび さび.しい さび.れる さみ.しい,solidão- silenciosamente- maduro- maduro- morte de um padre
辰,シン ジン タ,,signo do dragão- 7-9AM- quinto signo do zodíaco chinês
霞,カ ゲ,かすみ かす.む,ser nebuloso- tornar-se obscuro- borrado
伏,フクフ.,ふ.せる,prostrado- dobrar para baixo- proa- cobrir- colocar (tubos)
碁,ゴ,,Ir
俗,ゾク,,vulgar- costumes- boas maneiras- mundanismo- coisas mundanas
漠,バク,,vago- obscuro- amplo deserto
邪,ジャ,よこし.ま,perverso- injustiça- errado
晶,ショ,,cristal brilhante
墨,ボクス,,tinta preta- nanquim- bastão de tinta- México
鎮,チン オサ,しず.める しず.まる,tranqüilizar- antigos centros de preservação da paz
洞,ドウホ,,den- cave- escavação
履,リ,は.く,calçados- sapatos- botas- calçar (os pés
劣,レツ,おと.る,inferioridade- ser inferior a- ser pior
那,ナ ダ イ カ,なに なんぞ, que?
殴,オウ,なぐ.る,agressão- batida- batida- thrash
娠,シン,,com criança - gravidez
奉,ホウ ブ ホウ.ズ,たてまつ.る まつ.る,observância- oferecer- presentear- dedicar
憂,ユウウ.,うれ.える うれ.い う.い,melancolia- lamentar- lamentar- estar ansioso- triste- infeliz
朴,ボク,ほう ほお,bruto- simples- simples- dócil
亭,テイ チン,,pavilhão- restaurante- mansão- arbor- cottage- vaudeville- music hall- nome artístico
淳,ジュン シュン アツ.,, puro
怪,カイケ,あや.しい あや.しむ,suspeito- mistério- aparição
鳩,キュウ ク アツ.メ,はと,pombo
酔,スイ,よ.う よ.い,bêbado- sentir-se enjoado- envenenado- exultante- enfeitiçado
惜,セキ,お.しい お.しむ,pena- poupar- frugal- mesquinho- arrependimento
穫,カク,,colher- colher
佳,,,excelente- bonito- bom- agradável- habilidoso
潤,ジュン ウル.,うるお.う うるお.す,molhar- ser regado- lucrar com- receber benefícios- favorecer- encantar- íngreme
悼,トウ,いた.む,lamentar- lamentar
乏,ボウ,とぼ.しい とも.しい,miséria- escassa- limitada
該,ガイ,,acima-declarado- o dito- aquele específico
赴,フ,おもむ.く,prosseguir- obter- tornar-se- tender
桑,ソウク,,amora
桂,ケイ カツ,,Japonês Judas-árvore - árvore de canela
髄,ズイ,,medula
虎,コ ト,,tigre- bêbado
盆,ボン,,bacia- festival das lanternas- bandeja
晋,シン スス.,, avançar
穂,スイ,,orelha- orelha (grão)- cabeça- crista (onda)
壮,ソウ サカ,,robusto- masculinidade- prosperidade
堤,テイ,つつみ,dique- banco- aterro
飢,キ,う.える,com fome
傍,ボウソ,かたわ.ら わき おか- はた,espectador- lado- além- enquanto- próximo- 3ª pessoa
疫,エキ ヤク,,epidemia
累,ルイ,,acumular- envolvimento- problema- amarrar- continuamente
痴,チ,し.れる おろか,estúpido- tolo
搬,ハン,,transportador- transportar- transporte
晃,コウ アキラ,,claro
癒,ユ,い.える いや.す,curar- curar- saciar (sede)- causar
桐,トウ ドウ キ,,paulownia
寸,ス,,medida- pé- 10
郭,カク クル,,recinto- aposentos- fortificação- distrito da luz vermelha
尿,ニョウ,,urina
凶,キョウ,,vilão- mal- má sorte- desastre
吐,ト,は.く つ.く,cuspir- vomitar- arrotar- confessar- contar (mentiras)
宴,エン ウタ,,banquete- festa
鷹,ヨウ オウ,たか,Falcão
賓,ヒン,,VIP- convidado
虜,リョロ,とりこ とりく,cativo- bárbaro- baixo epíteto para o inimigo
陶,ト,,cerâmica- porcelana
鐘,ショウ,かね,sinos-gongos-carrilhões
憾,カン,うら.む,remorse- lamentar- lamentar
猪,チョ イノシ,い,javali
紘,コウ ツナ,おおづな つな,grande
磁,ジ,,imã de porcelana
弥,ミ ビ ワ タ.,いや や あまねし いよいよ とおい ひさし ひさ.しい,tanto mais- cada vez mais
昆,コン,,descendentes- irmão mais velho- inseto
粗,ソ,あら.い あら-, áspero- áspero- rugoso
訂,テイ,,revisar- corrigir- decidir
芽,ガ,,broto- broto- lança- germe
庄,ショウ ソ ソウ ホ,,nível
傘,サン,かさ,guarda-chuva
敦,トン タイ ダン チョウ アツ.,, indústria- bondade
騎,キ,,hipismo- andar a cavalo- contador para cavaleiros
寧,ネイ ムシ.,, em vez de- de preferência
循,ジュン,,companheiro sequencial
忍,ニン シノ.バセ,しの.ぶ,aguentar- aguentar- esconder- esconder- espiar- esgueirar-se
怠,タイ,おこた.る なま.ける,negligência- preguiça
如,ジョ ニョ ゴト.,, semelhança- como- tal como- como se- melhor- melhor- igual
寮,リョウ,,dormitório- albergue- villa- pavilhão de chá
祐,ユウ ウ タス.ケ,,ajuda
鵬,ホウ,おおとり,Fénix
鉛,エン,なまり,liderar
珠,シュタ,,pérola- gema- joia
凝,ギョウ,こ.る こ.らす こご.らす こご.らせる こご.る,congelar- congelar- endurecer- ser absorvido em
苗,ビョウ ミョウ,なえ なわ,muda- muda- broto
獣,ジュウ,けもの けだもの,animal- besta
哀,アイ,あわ.れ あわ.れむ かな.しい,patético- dor- tristeza- patos- pena- simpatizar
 ·,チョウ,は.ねる と.ぶ -と.び,pular- pular- saltar- empurrão- empinar- buck- splash- sputter- snap
匠,ショウ,たくみ,artesão- trabalhador- carpinteiro
垂,スイ ナンナント.,た.れる た.らす た.れ -た.れ,droop- suspend- hang- slouch
蛇,ジャダイヤヘ,,cobra- serpente- bebedor forte
澄,チョウ -ス.マ,す.む す.ます,lucidez- ser claro- claro- esclarecer- resolver- tensão- olhar grave
縫,ホウヌ.,, costurar- bordar
僧,ソウ,,sacerdote budista - monge
眺,チョウ,なが.める,olhar- observar- olhar para- ver- escrutinar
亘,コウ カン モト.メ,わた.る,span- pedido
呉,ゴ ク,く.れる,dar- fazer algo para
凡,ボン ハン スベ.,およ.そ おうよ.そ,medíocre
憩,ケイ,いこ.い いこ.う,recreio- descanso- relaxar- repouso
媛,エン,ひめ,mulher bonita- princesa
溝,コウミ,,sarjeta- vala- esgoto- dreno- 10**32
恭,キョウ ウヤウヤ.シ,,respeito- reverente
刈,ガイ カイ カ.,, recortar- cortar- aparar- podar
睡,スイ,,sonolento- dormir- morrer
錯,サク シャク,,confuso- misturar- estar em desordem
伯,ハ,,chefe- conde- conde- tio- Brasil
笹,サ,,grama de bambu
穀,コ,,cereais- grão
陵,リョウ,みささぎ,mausoléu- túmulo imperial
霧,ム ボ ウ ブ,きり,neblina
魂,コン,たましいたま,Espírito de alma
弊,ヘイ,,abuso- mal- vício- quebra
妃,ヒ キ サ,,rainha- princesa
舶,ハク,,transatlântico
餓,ガ,う.える,fome- fome- sede
窮,キュウ キョウ,きわ.める きわ.まる きわ.まり きわ.み,duro para cima- desamparado- sofre- perplexo- encurralado
掌,ショウ,てのひら たなごころ,manipular- governar- administrar- conduzir- palma da mão
麗,レイ ウラ.ラ,うるわ.しい,adorável- companheiro
綾,リンア,,design - pano figurado - sarja
臭,シュウ,くさ.い -くさ.い にお.う にお.い,fedorento- mal-cheiroso- aparência suspeita- odor- sabor- fragrância- ser perfumado- fedor-brilhar- ser brilhante
悦,エツ ヨロコ.バ,よろこ.ぶ,êxtase- alegria- êxtase
刃,ジン ニン キ.,は や い ば,lâmina-fio-da-espada
縛,バク,しば.る,treliçar- prender- prender- amarrar- restringir
暦,レキ,こよみ,calendário-almanaque
宜,ギ ヨロ.シ,よろ.しい,cumprimentos- bom
盲,モウ,めくら,cego- cego- ignorante
粋,スイ,いき,estilo chique- pureza- essência- essência- creme- elite- escolha
辱,ジョク,はずかし.める,envergonhar- humilhar- envergonhar
毅,キ ギ ツ ヨ.,, forte
轄,カツ,くさび,cunha de controle
猿,エンサ,,macaco
弦,ゲン,つる,corda- corda- hipotenusa
稔,ネン ジン ニン ミノ,みの.る,colheita- amadurecer
窒,チツ,,plug up- obstruir
炊,スイ -ダ.,た.く,cozinhar- ferver
洪,コ,,dilúvio- inundação- vasto
摂,セツ ショウ ト.,おさ.める かね.る,ato vicário- substituto- além de
飽,ホウ ア.,あ.きる あ.かす,saciado- cansado de- entediado- saciado
冗,ジョウ,,supérfluo- inutilidade
桃,トウモ,,árvore de pêssego
狩,シュ -ガ.,か.る か.り,caça- ataque- coleta
朱,シュア,,vermelhão- cinábrio- escarlate- vermelho- sangrento
渦,カ,うず,redemoinho- redemoinho- vórtice
紳,シ,,sire- bom cinto- cavalheiro
枢,スウ シュ,とぼそ からくり,dobradiça-porta pivotante
碑,ヒ,いしぶみ,lápide- monumento
鍛,タン キタ.エ,,forjar- disciplina- treinar
刀,トウソ,かたな,espada- sabre- faca
鼓,コ,つづみ,tambor- bater- despertar- reunir
裸,ラ,はだか,nu- nu- descoberto- parcialmente vestido
猶,ユウユ,なお,além disso- ainda- ainda
塊,カイケ,かたまり つちくれ,torrão- caroço- fenda- coágulo- massa
旋,セン,,rotação- ir ao redor
弓,キュウユ,,arco-arco (arco-violino)
幣,ヘイヌ,,dinheiro- mau hábito- prefixo humilde- presente- ofertas xintoístas de pano- corda- papel cortado
膜,マク,,membrana
扇,セン オウ,,ventilador dobrável
腸,チョウ,はらわた,intestinos- vísceras- entranhas- vísceras
槽,ソウ,ふね,cuba- tanque
慈,ジ イツク.シ,,misericórdia
楊,ヨウ ヤナ,かわ,salgueiro
伐,バツ ハツ カ ボチ,き.る そむ.く う.つ,caiu- golpe- ataque- punir
駿,シュン スン スグ.レ,,um bom cavalo- velocidade- uma pessoa rápida
漬,シ,つ.ける つ.かる -づ.け -づけ,decapagem- embeber- umedecer- íngreme
糾,キュウ,ただ.す,twist- pergunte- investigue- verifique
亮,リョウ アキラ,,ajuda clara
墳,フン,,túmulo
坪,ヘイ,つぼ,área de dois tapetes - ~36 pés quadrados
紺,コン,,azul escuro- marinho
娯,ゴ,,lazer- prazer
椿,チン チュン ツバ,,camélia
舌,ゼツ,した,língua- cana- badalo
羅,ラ,,gaze- seda fina- Roma
峡,キョウ コウ ハザ,,desfiladeiro
俸,ホウ,,estipêndio- salário
厘,リン,,rin- 1- 10sen- 1- 10bu
峰,ホウ,みね,cimeira
圭,ケイ,,joia quadrada- canto- ângulo- borda
醸,ジョウ,かも.す,cerveja- causa
蓮,レン,はす はちす,lótus
弔,チョウ,とむら.う とぶら.う,condolências- luto- funeral
乙,オツ イツ,おと- きのと, último- duplicado- estranho- espirituoso
汁,ジュウ,しる -しる つゆ,sopa- suco- caldo- seiva- molho- pus
尼,ニ,あま,freira
遍,ヘン,あまね.く,em todos os lugares- vezes- amplamente- geralmente
衡,コ,,equilíbrio- bastão de medição- escala
薫,クン カオ.,, enviar fragrância- perfumado- ser perfumado- fumar (tabaco)
猟,リョウ レフ,かり か.る,caça-caça- tiro- jogo- saco
羊,ヨウ ヒツ,,ovelha
款,カ,,boa vontade- seção- artigo- amizade- conluio
閲,エツ,けみ.する,revisão- inspeção- revisão
偵,テイ,,espião
喝,カツ,,rouco- repreender
敢,カン,あ.えて あ.えない あ.えず,ousado- triste- trágico- lamentável- frágil- débil
胎,タイ,,útero- útero
酵,コウ,,fermentação
憤,フン,いきどお.る,excitado- ressentido- ficar indignado- raiva
豚,トン,ぶた,porco-porco
遮,シャ,さえぎ.る,interceptar- interromper- obstruir
扉,ヒ,とびら,porta da frente- página de título- primeira página
硫,リュウ,,enxofre
赦,シャ,,perdão- perdão
窃,セツ,ぬす.む ひそ.か,discrição- roubar- segredo- privado- silencioso
泡,ホウ,あわ,bolhas- espuma- espuma- espuma
瑞,ズイ スイ シル,みず-, Parabéns
又,ユウ,また また- また.の,ou novamente- além disso- por outro lado
慨,ガイ,,rue- estar triste- suspiro- lamentar
紡,ボウ,つむ.ぐ,fiação
恨,コン,うら.む うら.めしい,arrependimento- guardar rancor- ressentimento- malícia- ódio
肪,ボウ,,obeso- gordo
扶,フ,たす.ける,ajuda- ajuda- ajuda
戯,ギ ゲ,たわむ.れる ざ.れる じゃ.れる,brincar- brincar- esporte
伍,ゴ イ ツ,,5- esquadrão de 5 homens - linha de arquivo
忌,キ イ. マワシ,い.む い.み,luto- abomino- detestável- aniversário de morte
濁,ダク ジョク ニゴ.,にご.る,verbalizado- impureza- errado- nigori- impureza
奔,ホン,,correria
斗,ト ト,,Big Dipper- 10 sho (vol)- saquê dipper
蘭,ラン,,orquídea- Holanda
迅,ジン,,rápido- rápido
肖,ショウ,あやか.る,semelhança
鉢,ハチ ハツ,,tigela- cuba de arroz- panela-coroa
朽,キュウ ク.チ,,decadência- apodrecer- permanecer em reclusão
殻,カク コク バイ,から がら,casca de noz
享,キョウ コウ ウ.ケ,,receber- passar- atender (telefone)- pegar- pegar- pegar
秦,シンハ,,Dinastia Manchu- nome dado a estrangeiros naturalizados
茅,ボウ ミョウ チガ,かや,junco miscanthus
藩,ハン,,cla- cerco
沙,サ シ ャ,すな よなげる,areia
輔,ホ フ タス.ケ,,ajuda
媒,バイ,,mediador- intermediário
鶏,ケイ,にわとり とり,frango
禅,ゼン セン,しずか ゆず.る,Zen- meditação silenciosa
嘱,ショク,しょく.する たの.む,confiar- solicitar- enviar uma mensagem
胴,ドウ,,tronco- torso- casco (navio)- cubo da roda
迭,テツ,,transferência-alternância
挿,ソウ,さ.す はさ.む,inserir- colocar- enxertar- desgastar (espada)
嵐,ラン アラ,,tempestade- tempestade
椎,ツイ スイ ウ.,つち, macete de carvalho
絹,ケン,きぬ,seda
陪,バイ,,obediência- seguir- acompanhar- atender
剖,ボウ,,dividir
譜,フ,,partitura musical- música- nota- pauta- mesa- genealogia
郁,イ,,progresso cultural - perfume
悠,ユ,,permanência- distante- longo tempo- lazer
淑,シュク シト.ヤ,,gracioso- gentil- puro
帆,ハン,ほ,velejar
暁,ギョウ キョウ サト.,あかつき,daybreak- Dawn- no evento
傑,ケ,,grandeza- excelência
楠,ナン ダン ゼン ネン クスノ,くす,árvore de cânfora
笛,テキフ,,flauta- clarinete- cachimbo- apito- gaita- flautim
玲,レ,,som de joias
奴,ド ヤッ,やつ,cara- escravo- servo- companheiro
錠,ジョウ,,grilhões- grilhões
拳,ケン ゲン,こぶし,punho
翔,シ ョ ウ ト.,かけ.る,voar alto
遷,セン,うつ.る うつ.す みやこがえ,transição- movimento- mudança
拙,セツ,つたな.い,atrapalhado- desajeitado- inábil
侍,ジ シ ハ ベ.,さむらい,garçom-samurai-esperar-servir
尺,シャ,,shaku- pé-medida-medida-escala-regra japonesa
峠,,とうげ,pico da montanha- passagem na montanha- clímax- crista- (kokuji)
篤,トク,あつ.い,fervoroso- gentil- cordial- sério- deliberado
肇,チョウ ジョウ トウ ハジ,はじ.める,começo
渇,カツ,かわ.く,sede- seca- upparch
叔,シュ,,tio- juventude
雌,シ,め- めす めん,feminino- feminino
亨,コウ キョウ ホウ タテマツ.,, submeter- atender (telefone)- pegar- pegar- pegar
堪,カン タン,た.える たま.る こ.らえる こた.える,suportar- suportar- suportar- resistir
叙,ジョ,つい.ず ついで,conferir- relacionar- narrar- descrever
酢,サク,す,vinagre- azedo- ácido- tarte
吟,ギン,,versificar- canto- recital
逓,テイ,かわ.る たがいに,relé- por sua vez- envio
嶺,レイ リョ,,cume
甚,ジン ハナハ.ダシ,はなは.だ,tremendamente - muito - grande - extremamente
喬,キョウ タカ.,, vanglória
崇,スウ アガ.メ,,adorar- respeitar- reverenciar- adorar
漆,シツ ウル,,laca- verniz- sete
岬,コウ ミサ,,promontório- cabo- promontório
癖,ヘキ,くせ くせ.に,maneirismo- hábito- vício- traço- falha- torção
愉,ユ タノ.シ,たの.しい,prazer- feliz- alegrar-se
寅,イント,,signo do tigre- 3-5AM- terceiro signo do zodíaco chinês
礁,ショウ,,recife - rocha submersa
乃,ナイ ダイ ノ アイ ナン,の すなわ.ち,de- partícula possessiva- então- consequentemente
洲,シュウス,しま,continente- banco de areia- ilha- país
屯,トン,,quartel- delegacia de polícia- acampamento
樺,カ カ ン,かば,bétula
槙,テン シン,まき こずえ,galho - perene ornamental
姻,イン,,matrimônio- casar
巌,ガン ケワ.シ,いわ いわお,rock- rochedo- pedregulho
擬,ギ,まが.い もど.き,imitar- mirar (uma arma) at- nomear- imitar
塀,ヘイ ベイ,,cerca- parede- (kokuji)
唇,シン,くちびる,lábios
睦,ボク モク ムツ.,むつ.まじい むつ.む,íntimo- amigável- harmonioso
閑,カ,,lazer
胡,ウ コ ゴ ナン,,bárbaro- estrangeiro
幽,ユウ,,isolar- confinar a um quarto
峻,シュン タカ.,けわ.しい,alto- íngreme
曹,ソウ ゾウ,つかさ ともがら へや,cadete-amigo
詠,エ イ ウ タ.,よ.む,recitação- poema- música- composição
卑,ヒ,いや.しい いや.しむ いや.しめる,humilde- básico- vil- vulgar
侮,ブ,あなど.る あなず.る,desprezar- menosprezar- menosprezar- menosprezar
鋳,チュウ イ シュ シュウ,い.る,fundição- hortelã
抹,マツ,,esfregar- pintar- apagar
尉,イ ジ ョ ウ,,oficial militar- carcereiro- velho- posto
槻,キ,つき,Zelkova árvore
隷,レイ,したが.う しもべ,escravo- servo- prisioneiro- criminoso- seguidor
禍,カ,わざわい,calamidade- desgraça- mal- maldição
蝶,チョウ,,borboleta
酪,ラク,,laticínios- soro de leite- caldo- suco de frutas
茎,ケイ キョウ,くき,caule
帥,スイ,,comandante- líder das tropas- governador
逝,セイ,ゆ.く,partiu- morrer
汽,キ,,vapor- vapor
琢,タク ミガ.,, polonês
匿,トク,かくま.う,esconder- abrigo- escudo
襟,キン,えり,gola- lapela
蛍,ケイ,ほたる,vaga-lume- vaga-lume
蕉,ショウ,,banana
寡,カ,,viúva- minoria- poucos
琉,リュウル,,lápis lazúli
痢,リ,,diarréia
庸,ヨ,,lugar-comum- comum- emprego
朋,ホウ,とも,companheiro- amigo
坑,コウ,,cova
藍,ラン,あい,índigo
賊,ゾク,,assaltante- rebelde- traidor- assaltante
搾,サク,しぼ.る,espremer
畔,ハンア,,paddy ridge- levee
遼,リョ,,distante
唄,バイ,うた うた.う,músicas com samisen
孔,コウア,,cavidade- buraco- fenda- muito- grande- extremamente
橘,キツ タチバ,,tangerina
漱,ソウ シュウ ス,くちすす.ぐ くちそそ.ぐ うがい すす.ぐ,gargarejar- enxaguar a boca
呂,ロ リ ョ セ ボ,,espinha dorsal
拷,ゴウ,,tortura- batida
嬢,ジョウ,むすめ,moça- menina- senhorita- filha
苑,エン オン ウ.,その,jardim- fazenda- parque
巽,ソン,たつみ,sudeste
杜,ト ト ウ ズ,もり ふさ.ぐ やまなし,bosque- bosque
渓,ケイ,たに たにがわ,córrego da montanha - vale
翁,オウ オキ,,venerável velho
廉,レ,,barganha- razão- cobrança- suspeita- ponto- conta- pureza- honesto- preço baixo- barato- descansado- contente- pacífico
謹,キン,つつし.む,discreto- reverentemente- humildemente
瞳,ドウ トウ ヒト,,aluno
湧,ユウ ヨウ ユ ワ.,, ferver- fermentar- fervilhar- tumulto- criar
欣,キン ゴン コン ヨロコ.,よろこ.ぶ, ter prazer em- regozijar-se
窯,ヨウ,かま,fornalha- fornalha- fornalha
褒,ホウ,ほ.める,louvar- exaltar
醜,シュウ,みにく.い しこ,feio- impuro- vergonha- feio
升,ショウマ,,"caixa medidora - 1,8 litro"
殉,ジュン,,martírio- seguir renunciando
煩,ハン ボン,わずら.う わずら.わす,ansiedade- problema- preocupação- dor- doente- irritante- incômodo- cansativo
巴,ハ ウ ズ マ,ともえ,design de vírgula
禎,テイ タダ.シ,さいわ.い,felicidade
劾,ガイ,,censura- investigação criminal
堕,ダ,お.ちる くず.す くず.れる,degenerar- descer para- cair em
租,ソ,,tarifa- imposto agrícola- empréstimo
稜,リョウ ロウ,いつ かど,ângulo- borda- canto- poder- majestade
桟,サン セン カケハ,,andaime- presilha- estrutura- cais- ferrolho (porta)
倭,ワ イ シ タ ガ.,, Yamato- Japão antigo
婿,セイ,むこ,noivo- genro
慕,ボ,した.う,ansiar- ansiar por- amar muito- adorar
斐,ヒ,,lindo- estampado
罷,ヒ,まか.り- や.める,sair- parar- deixar- retirar- ir
矯,キョウ,た.める,retificar- endireitar- corrigir- reformar- curar- controlar- fingir- falsificar
某,ボウ,それがし なにがし,fulano- uma certa- aquela pessoa
囚,シュウ,とら.われる,capturado- criminoso- prisão- captura
魁,カイ,さきがけかしら,cobrando antes dos outros
虹,コウ,にじ,arco-íris
鴻,コウ,おおとり ひしくい,grande pássaro- ganso selvagem
泌,ヒツヒ,,vazar- fluir- embeber- penetrar- secretar
於,オ ヨ,おい.て お.ける ああ より,em- em- como para
赳,キュ,,forte e corajoso
漸,ゼン,,firmemente- gradualmente avançando- finalmente- mal
蚊,ブン,か,mosquito
葵,キ ア オ,,malva-rosa
厄,ヤク,,azar- infortúnio- má sorte- desastre
藻,ソウ,も,alga- lentilha
 »,ロクフ,さいわ.い,feudo- subsídio- pensão- subsídio- felicidade
孟,モウ ボウ ミョウ カシ,,chefe- começo
嫡,チャク テキ,,esposa legítima - descendente direto (não bastardo)
尭,ギョウ タカ.,, alto- longe
嚇,カク,おど.かす,ameaçador- dignidade- majestade- ameaçar
巳,シ,み,signo da cobra ou serpente- 9-11AM- sexto signo do zodíaco chinês
凸,トツ,でこ,convexo- sobrancelha de besouro- desigual
暢,チョウ ノビ.,, esticar
韻,イン,,rima- elegância- tom
霜,ソウ,しも,geada
硝,ショウ,,nitrato- salitre
勅,チョク ミコトノ,いまし.める,ordem imperial
芹,キンセ,,salsinha
杏,キョウ アン コウ アン,,damasco
棺,カン,,caixão- caixão
儒,ジュ,,confucionista
鳳,ホウフ,,pássaro mítico macho
 🌟,ケイ キョウ カオ,かお.る,perfumado- balsâmico- favorável
慧,ケイ エ サト,,sábio
愁,シュウ,うれ.える うれ.い,angustiar- lamentar- estar ansioso
楼,ロウ,たかどの,torre de vigia- mirante- edifício alto
彬,ヒン フン アキ.ラ,うるわ.しい,refinado- gentil
匡,キョウ オウ スク.,, corrigir- salvar- assistir
眉,ビ ミ,まゆ,sobrancelha
欽,キン コン ツツシ.,, respeitar- reverenciar- desejar
薪,シン,たきぎ まき,combustível- lenha- gravetos
褐,カツ,,quimono de lã marrom
賜,シ,たまわ.る たま.う たも.う,concessão- dádiva- dádiva- resultados
嵯,サ シ,,íngreme- escarpado- acidentado
綜,ソウ,おさ.める す.べる,regra
繕,ゼン,つくろ.う,cerzir- consertar- consertar- aparar- arrumar- ajustar
栓,セン,,bujão- parafuso- rolha- rolha- rolha
翠,スイミド,かわせみ,verde
鮎,デン ネン ナマ,あゆ,truta de água doce - cheiro
榛,シン ハン ハ,はしばみ,avelã- avelã
凹,オウ,くぼ.む へこ.む ぼこ,côncavo- oco- afundado
艶,エン ナマ.メ,つや なま.めかしい あで.やか つや.めく,brilhante- brilho- esmalte- polonês- charme- colorido- cativante
惣,ソウ ソウジ,いそが.しい,todos
蔦,チョウツ,,videira
錬,レン,ね.る,temperar- refinar- perfurar- treinar- polir
隼,シュン ジュン ハヤブ,,falcão
渚,ショ ナギ,,praia - costa
衷,チュウ,,íntimo- coração- mente- interior
逐,チク,,perseguir- afastar- perseguir- realizar- atingir- comprometer
斥,セキ,しりぞ.ける,rejeitar- retirar- retroceder- retirar- repelir- repelir
稀,キ ケ,まれ まばら,raro- fenomenal- diluído (ácido)
芙,,,lótus - Monte Fuji
詔,ショウ ミコトノ,,edital imperial
皐,コウ サツ,,margem do pântano
雛,スウ ス ジュ,ひな ひよこ,pintinho- pombo- patinho- boneca
惟,イ ユイ オモ.ウ,おも.んみる これ,considerar- refletir- pensar
佑,ユウ ウ タス.ケ,,ajuda- assistência
耀,ヨウ ヒカ,かがや.く,brilhar- brilhar- brilhar- cintilar
黛,タイ,まゆずみ,sobrancelhas enegrecidas
渥,アク ウルオ.,あつ.い, gentileza
憧,ショウ トウ ドウ,あこが.れる,ansiar por- aspirar- admirar- adorar
宵,ショウ,よい,madrugada - tarde - madrugada
妄,モウ ボウ,みだ.りに,delírio- desnecessariamente- sem autoridade- imprudente
惇,シュン ジュン トン アツ.,, sincero- gentil- atencioso
脩,シュウ ホジ,おさ.める なが.い,Carne seca
甫,ホ フ ハジ.メ,,pela primeira vez - não até
酌,シャク,く.む,bar-servir saquê- o anfitrião- retirar (água)- concha- colher- bomba
蚕,サン テン,かいこ こ,bicho da seda
嬉,キ タノ.シ,うれ.しい,alegre- satisfeito- alegrar-se
蒼,ソウ,あお.い,azul pálido
暉,キ カガ.ヤ,,brilho-luz
頒,ハン,わか.つ,distribuir- disseminar- particionar- entender
只,シ,ただ,apenas- grátis- além
肢,シ,,membro-braços e pernas
檀,ダン タン,まゆみ,cedro- sândalo- árvore do fuso
凱,ガイ カイ,かちどき やわらぐ,canção de vitória
彗,スイ エ ケイ セイ ホウ,,cometa
謄,トウ,,mimeógrafo- cópia
梓,シ,あずさ,árvore catalpa
丑,チュウウ,,signo do boi ou vaca- 1-3AM- segundo signo do zodíaco chinês
嗣,,,herdeiro- suceder
叶,キョウ カナ.,かな.える,conceder-resposta
汐,セキセ,しおうしお,entardecer- maré- água salgada- oportunidade
絢,ケ,,design de quimono
朔,サク ツイタ,,conjunção (astronomia) - primeiro dia do mês
伽,カ ガ キャ ギャ,とぎ,enfermagem- atendente- animador
畝,ボウ ホ モ ム,せ う ね,sulco- 30 tsubo- cumeeira- costela
抄,ショ,,extrair- seleção- resumo- cópia- espalhar fino
爽,ソウ,あき.らか さわ.やか たがう,refrescante- revigorante- ressonante- doce- claro
黎,レイ リ クロ.,, escuro- preto- muitos
惰,ダ,,preguiça- preguiça
蛮,バン,えびす,bárbaro
冴,ゴ コ ヒ.エ,さ.える こお.る,ser claro- sereno- frio- hábil
旺,オウ キョウ ゴウ,かがや.き うつくし.い さかん,florescente- bem-sucedido- bonito- vigoroso
萌,ホウ キザ.,も.える きざ.す めばえ,mostrar sintomas de- broto- bud- malte
偲,サイシ,しの.ぶ,lembrar- lembrar
壱,イチ イツ ヒト,,eu- um
瑠,ル リュ,,lápis lazúli
允,イン ユル,じょう まこと.に,licença- sinceridade- permissão
侯,コウ,,marquês- senhor- daimyo
蒔,シ ジ マ,う.える,Semear sementes)
鯉,リ,こい,carpa
弧,コ,,arco- arco
遥,ヨウ,はる.か,distante- distante- muito tempo atrás
舜,シュ,,tipo de ipomeia- rosa de Sharon-althea
瑛,エ,,brilho de jóias - cristal
附,フ ツ.,つ.ける,afixado- anexar- referir-se a- anexar
彪,ヒョウ ヒュウ ア,,tigre pequeno malhado-manchado-padrão
卯,ボウ モウ,,signo da lebre ou coelho- 5-7AM- quarto signo do zodíaco chinês- leste
但,タン タダ.,, no entanto mas
綺,キ,あや,pano figurado - lindo
芋,ウ,いも,batata
茜,セン,あかね,garança- tintura vermelha- turquia vermelha
凌,リョウ,しの.ぐ,aguentar- manter (chuva) fora- afastar- maré- ultrapassar- desafiar- ligeiro- ultrapassar
皓,コウ ヒカ.,しろ.い,branco-claro
洸,コ,,água com gás
毬,キュウ,いが まり,rebarba
婆,バ,ばば ばあ,velha - avó - ama de leite
緋,ヒ,あけ あか,cardeal escarlate
鯛,チョウ,たい,pargo- pargo-vermelho
怜,レイ レン リョウ サト.,あわ.れむ,sábio
邑,ユウム,うれ.える くに,aldeia- comunidade rural- aldeia direita radical (nº 163)
倣,ホウ,なら.う,emular- imitar
碧,ヘキ ヒャ,,azul verde
啄,タク ツク トク ツツ.,ついば.む,pegar
穣,ジョウ ユタ,わら,boas colheitas- prosperidade- 10**28
酉,ユウト,,oeste- pássaro- signo do pássaro- 5-7PM- décimo signo do zodíaco chinês- radical de saquê (nº 164)
悌,テイダ,,servindo nossos anciãos
倹,ケン,つま.しい つづまやか,frugal- econômico- parcimonioso
柚,ユ ユ ウ ジ ク,ゆず,cidra
繭,ケン,まゆ きぬ,casulo
亦,エキ ヤク,また,também- de novo
詢,ジュン シュン,はか.る まこと,consulte com
采,サイ,と.る いろどり,dado- forma- aparência- tomar- coloração
紗,サ シ ャ ウ ス ギ,,gaze
賦,フ,,levy- ode- prosa- poema- tributo- parcelamento
眸,ボウム,ひとみ,pupila do olho
玖,キュウ,,linda joia preta - nove
弐,ニ ジ,ふた.つ そえ,II- dois segundos
錘,スイ,つむ おもり,peso-prumo bob-sinker
諄,シュン,ひちくど.い くど.い くどくど ねんご.ろ,tedioso
倖,コウ,しあわ.せ さいわ.い,felicidade- sorte
痘,トウ,,varíola- varíola
笙,ショウ ソウ,ふえ,um instrumento de palheta
侃,カン ツヨ.,, forte- justo- justo- amante da paz
裟,サ シ ャ,,sobrepeliz budista
洵,ジュン シュン,の.ぶ まこと.に,igual- verdade
爾,ジ ニ ノ,なんじ しかり その,você- tu- segunda pessoa
耗,モウ コウ カウ,,diminuir
昴,コウ ボウ,すばる,as Plêiades
銑,セン,,ferro gusa
莞,カン,い,junco usado para cobrir tatami
伶,レイ リョウ ワザオ,,ator
碩,セキ,おお.きい,grande- grande- eminente
宥,ユウ,なだ.める ゆる.す,acalmar- acalmar- pacificar
滉,コウ,ひろ.い,profundo e amplo
晏,アン,おそ.い,pôr-do-sol tardio (sol)
伎,ギ キ,わ ざ わ ざ お ぎ,ação- habilidade
朕,チン,,majestoso plural- imperial nós
迪,テキ イタ.,みち みち.びく すす.む,edificar- caminho- caminho
綸,リン カン,いと,tecido de seda
且,シ ョ ソ シ ョ ウ カ.,, além disso- também- além disso
竣,ドウ シュン,わらわ わらべ おわ.る,fim-acabamento
晨,シン,あした とき あさ,manhã cedo
吏,,,oficial- um oficial
燦,サン,さん.たる あき.らか きらめ.く きら.めく,brilhante
麿,マ,,Eu- você- (kokuji)
頌,ショウ ジュ ヨウ ホメ.,かたち たた.える,elogio
箇,カ コ,,contadores de coisas
楓,フウ,かえで,bordo
琳,リン,,joia- tilintar de joias
梧,ゴ,あおぎり,Árvore de guarda-sol chinesa - árvore fênix
哉,サイ,かな,como- o que- infelizmente- (ponto de interrogação)
澪,レイ,みお,rota aquaviária - canal de navegação
匁,,もんめ め ひゃくめ,"monme- 3,75 gramas- (kokuji)"
晟,セイ ジョウ,あきらか,claro
衿,キン コン,えり,gola- lapela
凪,,なぎ な.ぐ,calmaria- calma- (kokuji)
梢,ショウ,こずえ くすのき,copa das árvores- galho
丙,ヘイ,ひのえ,terceira classe- 3º- 3º signo do calendário
颯,サツ ソウ,さっ.と,de repente- suavemente
茄,カ,,beringela
勺,シャク,,concha- um décimo de go- dip
恕,ジョ ショ,ゆる.す,desculpar- tolerar- perdoar
蕗,ロ ル,ふき,ruibarbo butterburbog
瑚,コ ゴ,,receptáculo de oferenda ancestral
遵,ジュン,,respeitar- seguir- obedecer- aprender
瞭,リョウ,あきらか,claro
燎,リョウ,かがりび,fogueira
虞,グ,おそれ,inquietação- medo- ansiedade- preocupação
柊,シュ シュウ,ひいらぎ,azevinho
侑,ユウ ウ タス.ケ,すす.める,vontade de comer
謁,エツ,,audiência- audiência (com o rei)
斤,,おの,"machado- 1,32 lb- catty- contador para pães"
嵩,スウ シュウ タカ.,かさ かさ.む,ser agravado- piorar- crescer volumoso- inchar
捺,ナツ ダツ,さ.す お.す,pressionar- imprimir- afixar um selo- carimbo
蓉,ヨ,,lótus
茉,マツ バツ,,jasmim
袈,ケ カ,,um camlet grosseiro
燿,ヨウ,かがや.く ひかり,brilhar
誼,ギ,よしみ よい,amizade- intimidade
冶,ヤ イ.,, fusão- fusão
栞,カン,しおり,bookmark- guia
墾,コン,,terras agrícolas inovadoras
勁,ケイ,つよ.い, forte
菖,ショウ,,íris
旦,タン ダン,あき.らか あきら ただし あさ あした,madrugada- amanhecer- manhã
椋,リョウ ム,,tipo de árvore de folha caduca - estorninho cinza
叡,エイ,あき.らか,inteligência- imperial
紬,チュウ,つむぎ つむ.ぐ,pongee (um tecido de seda com nós)
胤,インタ,,descendente- descendência- descendência
凜,リン,きびし.い,frio- estrito- severo
亥,ガイ カイ,,signo do porco- 21h-23h- décimo segundo signo do zodíaco chinês
爵,シャク,,barão- pariato- posto na corte
脹,チョウ,は.れる ふく.らむ ふく.れる,dilatar- distender- protuberância- preencher- inchar
麟,リン,,unicórnio chinês- gênio- girafa- brilhante- brilhante
莉,リ ラ イ レ イ,,jasmim
汰,タ タ イ,おご.る にご.る よな.げる,seleção de luxo
瑶,ヨウ,たま,linda como uma joia
瑳,サ,みが.く, polonês
耶,ヤ ジ ャ,か,ponto de interrogação
椰,ヤ,やし,Coqueiro
絃,ゲン,いと,corda de corda- música samisen
丞,ジョウ ショウ タス.ケ,すく.う,ajuda
璃,,,vítreo- lápis-lazúli
奎,ケイキ,,deus-estrela da literatura
塑,ソ,でく,modelagem
昂,コウ ゴウ タカ.ブ,あ.がる たか.い,ascender
柾,,まさ まさめ まさき,grão reto - árvore do fuso - (kokuji)
熙,キ,たのし.む ひか.る ひろ.い よろこ.ぶ かわ.く あきらか ひろ.める ひろ.まる,brilhante- ensolarado- próspero- alegre
菫,キン,すみれ, violeta
諒,リョウ マコト,あきら.か,fato- realidade- entender- apreciar
鞠,キク キュウ マ,,bola
崚,リョウ,,elevando-se em uma fileira
濫,ラン,みだ.りに みだ.りがましい,excessivo- estouro- espalhado
捷,ショウ ソウ ハヤ.,, vitória rápida
